{
	"format_version": "1.21.6",
	"credit": "Made with Blockbench",
	"textures": {
		"0": "template:item/invisigun",
		"particle": "template:item/invisigun"
	},
	"elements": [
		{
			"from": [7, 0, 11],
			"to": [9, 7, 13],
			"rotation": {"angle": -10, "axis": "x", "origin": [8, 4, 12]},
			"faces": {
				"north": {"uv": [9, 0, 11, 7], "texture": "#0"},
				"east": {"uv": [9, 0, 11, 7], "texture": "#0"},
				"south": {"uv": [9, 0, 11, 7], "texture": "#0"},
				"west": {"uv": [9, 0, 11, 7], "texture": "#0"},
				"up": {"uv": [0, 0, 2, 2], "texture": "#missing"},
				"down": {"uv": [9, 7, 11, 9], "texture": "#0"}
			}
		},
		{
			"from": [7, 6, 3.25],
			"to": [9, 8, 5.25],
			"rotation": {"angle": 0, "axis": "x", "origin": [7, 7, 4.25]},
			"faces": {
				"north": {"uv": [2, 4, 4, 6], "texture": "#0"},
				"east": {"uv": [4, 2, 6, 4], "texture": "#0"},
				"south": {"uv": [4, 4, 6, 6], "texture": "#0"},
				"west": {"uv": [0, 6, 2, 8], "texture": "#0"},
				"up": {"uv": [8, 2, 6, 0], "texture": "#0"},
				"down": {"uv": [4, 6, 2, 8], "texture": "#0"}
			}
		},
		{
			"from": [7.25, 6.25, 2.75],
			"to": [8.75, 7.75, 4.75],
			"rotation": {"angle": 0, "axis": "x", "origin": [7, 7, 3.75]},
			"faces": {
				"north": {"uv": [0, 0, 2, 2], "texture": "#0"},
				"east": {"uv": [0, 2, 2, 4], "texture": "#0"},
				"south": {"uv": [2, 0, 4, 2], "texture": "#0"},
				"west": {"uv": [2, 2, 4, 4], "texture": "#0"},
				"up": {"uv": [2, 6, 0, 4], "texture": "#0"},
				"down": {"uv": [6, 0, 4, 2], "texture": "#0"}
			}
		},
		{
			"from": [7.75, 6.75, 2.25],
			"to": [8.25, 7.25, 4.25],
			"rotation": {"angle": 0, "axis": "x", "origin": [7, 7, 3.25]},
			"faces": {
				"north": {"uv": [5, 6, 6, 7], "texture": "#0"},
				"east": {"uv": [6, 2, 8, 3], "texture": "#0"},
				"south": {"uv": [6, 6, 7, 7], "texture": "#0"},
				"west": {"uv": [6, 3, 8, 4], "texture": "#0"},
				"up": {"uv": [5, 8, 4, 6], "texture": "#0"},
				"down": {"uv": [7, 4, 6, 6], "texture": "#0"}
			}
		},
		{
			"from": [6.75, 5.75, 3.6],
			"to": [9.25, 8.25, 14.5],
			"rotation": {"angle": 0, "axis": "y", "origin": [7, 6, 9]},
			"faces": {
				"north": {"uv": [13.5, 13.5, 16, 16], "texture": "#0"},
				"east": {"uv": [10.9, 13.5, 0, 16], "texture": "#0"},
				"south": {"uv": [13.5, 13.5, 16, 16], "texture": "#0"},
				"west": {"uv": [0, 13.5, 10.9, 16], "texture": "#0"},
				"up": {"uv": [13.5, 0, 16, 10.9], "texture": "#0"},
				"down": {"uv": [13.5, 0, 16, 10.9], "texture": "#0"}
			}
		},
		{
			"from": [7, 8.25, 9],
			"to": [9, 8.5, 14.25],
			"rotation": {"angle": 0, "axis": "y", "origin": [7, 7, 9]},
			"faces": {
				"north": {"uv": [11, 12, 13, 12.25], "texture": "#0"},
				"east": {"uv": [6, 11, 11.25, 11.25], "texture": "#0"},
				"south": {"uv": [11, 11, 13, 11.25], "texture": "#0"},
				"west": {"uv": [6, 12, 11.25, 12.25], "texture": "#0"},
				"up": {"uv": [11, 5, 13, 10.25], "texture": "#0"},
				"down": {"uv": [0, 0, 2, 5.25], "texture": "#missing"}
			}
		},
		{
			"from": [7.75, 8.55, 12.75],
			"to": [8.25, 8.65, 13.25],
			"rotation": {"angle": 0, "axis": "y", "origin": [7, 8.55, 12]},
			"faces": {
				"north": {"uv": [7, 5, 7.5, 5.1], "texture": "#0"},
				"east": {"uv": [7, 5, 7.5, 5.1], "texture": "#0"},
				"south": {"uv": [7, 5, 7.5, 5.1], "texture": "#0"},
				"west": {"uv": [7, 5, 7.5, 5.1], "texture": "#0"},
				"up": {"uv": [7, 4, 7.5, 4.5], "texture": "#0"},
				"down": {"uv": [0, 0, 0.5, 0.5], "texture": "#missing"}
			}
		},
		{
			"from": [7.5, 7.45, 12.5],
			"to": [8.5, 8.55, 13.5],
			"rotation": {"angle": 0, "axis": "y", "origin": [7, 7, 12]},
			"faces": {
				"north": {"uv": [1, 9, 2, 10.1], "texture": "#0"},
				"east": {"uv": [0, 9, 1, 10.1], "texture": "#0"},
				"south": {"uv": [1, 8, 2, 9.1], "texture": "#0"},
				"west": {"uv": [0, 8, 1, 9.1], "texture": "#0"},
				"up": {"uv": [0, 8, 1, 9], "texture": "#0"},
				"down": {"uv": [0, 0, 1, 1], "texture": "#missing"}
			}
		},
		{
			"from": [7.3, 4.4, 10.6],
			"to": [8.7, 5.6, 11.4],
			"rotation": {"angle": -5, "axis": "x", "origin": [7, 4.8, 11.3]},
			"color": 4,
			"faces": {
				"north": {"uv": [0, 0, 1.4, 1.2], "texture": "#missing"},
				"east": {"uv": [0, 0, 0.8, 1.2], "texture": "#missing"},
				"south": {"uv": [0, 0, 1.4, 1.2], "texture": "#missing"},
				"west": {"uv": [0, 0, 0.8, 1.2], "texture": "#missing"},
				"up": {"uv": [0, 0, 1.4, 0.8], "texture": "#missing"},
				"down": {"uv": [0, 0, 1.4, 0.8], "texture": "#missing"}
			}
		}
	]
}