{
	"credit": "Made with Blockbench",
	"textures": {
		"particle": "item/trident"
	},
	"gui_light": "front",
	"display": {
		"thirdperson_righthand": {
			"rotation": [0, 90, 180],
			"translation": [8, -17, 9]
		},
		"thirdperson_lefthand": {
			"rotation": [0, 90, 180],
			"translation": [8, -17, -7]
		},
		"firstperson_righthand": {
			"rotation": [0, -90, 25],
			"translation": [-3, 17, 1]
		},
		"firstperson_lefthand": {
			"rotation": [0, 90, -25],
			"translation": [13, 17, 1]
		},
		"ground": {
			"translation": [4, 4, 2],
			"scale": [0.25, 0.25, 0.25]
		},
		"gui": {
			"rotation": [15, -25, -5],
			"translation": [2, 3, 0],
			"scale": [0.65, 0.65, 0.65]
		},
		"fixed": {
			"rotation": [0, 180, 0],
			"translation": [-2, 4, -5],
			"scale": [0.5, 0.5, 0.5]
		}
	}
}
